{
  "$schema": "https://developer.microsoft.com/json-schemas/fabric/item/report/definition/visualContainer/2.3.0/schema.json",
  "name": "455892646b40c8e38670",
  "position": {
    "x": 0,
    "y": 274.962962962963,
    "z": 2,
    "height": 445.62962962962962,
    "width": 445.62962962962962,
    "tabOrder": 2
  },
  "visual": {
    "visualType": "clusteredBarChart",
    "query": {
      "queryState": {
        "Category": {
          "projections": [
            {
              "field": {
                "Column": {
                  "Expression": {
                    "SourceRef": {
                      "Entity": "dimension_city"
                    }
                  },
                  "Property": "SalesTerritory"
                }
              },
              "queryRef": "dimension_city.SalesTerritory",
              "nativeQueryRef": "SalesTerritory",
              "active": true
            }
          ]
        },
        "Y": {
          "projections": [
            {
              "field": {
                "Aggregation": {
                  "Expression": {
                    "Column": {
                      "Expression": {
                        "SourceRef": {
                          "Entity": "fact_sale"
                        }
                      },
                      "Property": "Profit"
                    }
                  },
                  "Function": 0
                }
              },
              "queryRef": "Sum(fact_sale.Profit)",
              "nativeQueryRef": "Sum of Profit"
            }
          ]
        }
      },
      "sortDefinition": {
        "sort": [
          {
            "field": {
              "Aggregation": {
                "Expression": {
                  "Column": {
                    "Expression": {
                      "SourceRef": {
                        "Entity": "fact_sale"
                      }
                    },
                    "Property": "Profit"
                  }
                },
                "Function": 0
              }
            },
            "direction": "Descending"
          }
        ],
        "isDefaultSort": true
      }
    },
    "drillFilterOtherVisuals": true
  },
  "filterConfig": {
    "filters": [
      {
        "name": "80173aca896ad7095700",
        "field": {
          "Column": {
            "Expression": {
              "SourceRef": {
                "Entity": "dimension_city"
              }
            },
            "Property": "SalesTerritory"
          }
        },
        "type": "Categorical"
      },
      {
        "name": "f89a14ed02b09989d710",
        "field": {
          "Aggregation": {
            "Expression": {
              "Column": {
                "Expression": {
                  "SourceRef": {
                    "Entity": "fact_sale"
                  }
                },
                "Property": "Profit"
              }
            },
            "Function": 0
          }
        },
        "type": "Advanced"
      }
    ]
  }
}