{
  "$schema": "https://developer.microsoft.com/json-schemas/fabric/item/report/definition/page/2.0.0/schema.json",
  "name": "b755e20d8ad3471b0a09",
  "displayName": "Page 1",
  "displayOption": "FitToPage",
  "height": 720,
  "width": 1280,
  "autoPageGenerationConfig": {
    "selectedFields": [
      {
        "Column": {
          "Expression": {
            "SourceRef": {
              "Entity": "fact_sale"
            }
          },
          "Property": "InvoiceDateKey"
        }
      },
      {
        "Aggregation": {
          "Expression": {
            "Column": {
              "Expression": {
                "SourceRef": {
                  "Entity": "fact_sale"
                }
              },
              "Property": "UnitPrice"
            }
          },
          "Function": 0
        }
      }
    ],
    "visualContainerConfigurations": [
      {
        "name": "53beba53593387083e85",
        "fields": [
          {
            "Column": {
              "Expression": {
                "SourceRef": {
                  "Entity": "fact_sale"
                }
              },
              "Property": "InvoiceDateKey"
            }
          },
          {
            "Aggregation": {
              "Expression": {
                "Column": {
                  "Expression": {
                    "SourceRef": {
                      "Entity": "fact_sale"
                    }
                  },
                  "Property": "UnitPrice"
                }
              },
              "Function": 0
            }
          }
        ]
      },
      {
        "name": "3e6b9acdc2bc19ccb80b",
        "fields": [
          {
            "Column": {
              "Expression": {
                "SourceRef": {
                  "Entity": "fact_sale"
                }
              },
              "Property": "InvoiceDateKey"
            }
          },
          {
            "Aggregation": {
              "Expression": {
                "Column": {
                  "Expression": {
                    "SourceRef": {
                      "Entity": "fact_sale"
                    }
                  },
                  "Property": "TotalExcludingTax"
                }
              },
              "Function": 0
            }
          }
        ]
      },
      {
        "name": "11d6a6dcb07969be7b53",
        "fields": [
          {
            "Column": {
              "Expression": {
                "SourceRef": {
                  "Entity": "fact_sale"
                }
              },
              "Property": "InvoiceDateKey"
            }
          },
          {
            "Aggregation": {
              "Expression": {
                "Column": {
                  "Expression": {
                    "SourceRef": {
                      "Entity": "fact_sale"
                    }
                  },
                  "Property": "StockItemKey"
                }
              },
              "Function": 5
            }
          }
        ]
      },
      {
        "name": "3ff3a1a07b7e049ec97b",
        "fields": [
          {
            "Column": {
              "Expression": {
                "SourceRef": {
                  "Entity": "fact_sale"
                }
              },
              "Property": "InvoiceDateKey"
            }
          },
          {
            "Aggregation": {
              "Expression": {
                "Column": {
                  "Expression": {
                    "SourceRef": {
                      "Entity": "fact_sale"
                    }
                  },
                  "Property": "CustomerKey"
                }
              },
              "Function": 5
            }
          }
        ]
      },
      {
        "name": "f8c32f8b83c9be9c0d9b",
        "fields": []
      },
      {
        "name": "24f802763ea01e80780c",
        "fields": []
      },
      {
        "name": "f84f1cbd9b7daeddc944",
        "fields": []
      },
      {
        "name": "d966554ee4115cc5039a",
        "fields": []
      },
      {
        "name": "55c9a7bab48e7443cbe9",
        "fields": []
      },
      {
        "name": "3dd6092e163c6530ec01",
        "fields": []
      },
      {
        "name": "a8e6eccd01860bca86c9",
        "fields": []
      },
      {
        "name": "0508f0f84b1017cac568",
        "fields": [
          {
            "Aggregation": {
              "Expression": {
                "Column": {
                  "Expression": {
                    "SourceRef": {
                      "Entity": "fact_sale"
                    }
                  },
                  "Property": "UnitPrice"
                }
              },
              "Function": 0
            }
          }
        ]
      },
      {
        "name": "4f4668ebc384530db387",
        "fields": [
          {
            "Aggregation": {
              "Expression": {
                "Column": {
                  "Expression": {
                    "SourceRef": {
                      "Entity": "fact_sale"
                    }
                  },
                  "Property": "TotalExcludingTax"
                }
              },
              "Function": 0
            }
          }
        ]
      },
      {
        "name": "8212d02c54e5bcd21204",
        "fields": [
          {
            "Aggregation": {
              "Expression": {
                "Column": {
                  "Expression": {
                    "SourceRef": {
                      "Entity": "fact_sale"
                    }
                  },
                  "Property": "StockItemKey"
                }
              },
              "Function": 5
            }
          }
        ]
      },
      {
        "name": "35c36a6d0a120c2661a1",
        "fields": [
          {
            "Aggregation": {
              "Expression": {
                "Column": {
                  "Expression": {
                    "SourceRef": {
                      "Entity": "fact_sale"
                    }
                  },
                  "Property": "CustomerKey"
                }
              },
              "Function": 5
            }
          }
        ]
      },
      {
        "name": "27a345d6c4baa90b4a5c",
        "fields": []
      }
    ],
    "layout": {
      "related": {
        "version": 1
      }
    }
  }
}