{
  "$schema": "https://developer.microsoft.com/json-schemas/fabric/item/report/definition/page/2.0.0/schema.json",
  "name": "ccf6adab2732021c4bd2",
  "displayName": "WW Importers Profit Reporting.",
  "displayOption": "FitToPage",
  "height": 720,
  "width": 1280,
  "objects": {
    "displayArea": [
      {
        "properties": {
          "verticalAlignment": {
            "expr": {
              "Literal": {
                "Value": "'Middle'"
              }
            }
          }
        }
      }
    ]
  }
}