{
  "properties": {
    "activities": [
      {
        "name": "CD Load dimension_customer",
        "type": "Copy",
        "dependsOn": [],
        "policy": {
          "timeout": "0.12:00:00",
          "retry": 0,
          "retryIntervalInSeconds": 30,
          "secureOutput": false,
          "secureInput": false
        },
        "typeProperties": {
          "source": {
            "type": "ParquetSource",
            "storeSettings": {
              "type": "AzureBlobStorageReadSettings",
              "recursive": true,
              "enablePartitionDiscovery": false
            },
            "formatSettings": {
              "type": "ParquetReadSettings"
            },
            "datasetSettings": {
              "annotations": [],
              "type": "Parquet",
              "typeProperties": {
                "location": {
                  "type": "AzureBlobStorageLocation",
                  "fileName": "dimension_customer.parquet",
                  "folderPath": "WideWorldImportersDW/tables",
                  "container": "sampledata"
                },
                "compressionCodec": "snappy"
              },
              "schema": [],
              "externalReferences": {
                "connection": "31f803e9-2c1f-4bfd-aec6-5f12a33b6d62"
              }
            }
          },
          "sink": {
            "type": "DataWarehouseSink",
            "allowCopyCommand": true,
            "copyCommandSettings": {},
            "tableOption": "autoCreate",
            "datasetSettings": {
              "annotations": [],
              "connectionSettings": {
                "name": "part5_Wide World Importers",
                "properties": {
                  "annotations": [],
                  "type": "DataWarehouse",
                  "typeProperties": {
                    "endpoint": "x6eps4xrq2xudenlfv6naeo3i4-2wldtol7ypxujppwhsyok6kkde.msit-datawarehouse.fabric.microsoft.com",
                    "artifactId": "beaf69fa-7fd0-4328-bf05-838d15fefd71",
                    "workspaceId": "b93996d5-c37f-44ef-bdf6-3cb0e5794a19"
                  },
                  "externalReferences": {
                    "connection": "18e971e5-7279-4109-a023-96736fd1d1ae"
                  }
                }
              },
              "type": "DataWarehouseTable",
              "schema": [],
              "typeProperties": {
                "schema": "dbo",
                "table": "dimension_customer"
              }
            }
          },
          "enableStaging": false
        }
      }
    ]
  }
}