{
  "$schema": "https://developer.microsoft.com/json-schemas/fabric/item/report/definition/visualContainer/2.3.0/schema.json",
  "name": "792ea8462d628b55e516",
  "position": {
    "x": 717.4320987654321,
    "y": 0,
    "z": 2,
    "height": 720.59259259259261,
    "width": 562.5679012345679,
    "tabOrder": 2
  },
  "visual": {
    "visualType": "tableEx",
    "query": {
      "queryState": {
        "Values": {
          "projections": [
            {
              "field": {
                "Column": {
                  "Expression": {
                    "SourceRef": {
                      "Entity": "dimension_city"
                    }
                  },
                  "Property": "SalesTerritory"
                }
              },
              "queryRef": "dimension_city.SalesTerritory",
              "nativeQueryRef": "SalesTerritory"
            },
            {
              "field": {
                "Column": {
                  "Expression": {
                    "SourceRef": {
                      "Entity": "dimension_city"
                    }
                  },
                  "Property": "StateProvince"
                }
              },
              "queryRef": "dimension_city.StateProvince",
              "nativeQueryRef": "StateProvince"
            },
            {
              "field": {
                "Aggregation": {
                  "Expression": {
                    "Column": {
                      "Expression": {
                        "SourceRef": {
                          "Entity": "fact_sale"
                        }
                      },
                      "Property": "Profit"
                    }
                  },
                  "Function": 0
                }
              },
              "queryRef": "Sum(fact_sale.Profit)",
              "nativeQueryRef": "Sum of Profit"
            },
            {
              "field": {
                "Aggregation": {
                  "Expression": {
                    "Column": {
                      "Expression": {
                        "SourceRef": {
                          "Entity": "fact_sale"
                        }
                      },
                      "Property": "TotalIncludingTax"
                    }
                  },
                  "Function": 0
                }
              },
              "queryRef": "Sum(fact_sale.TotalIncludingTax)",
              "nativeQueryRef": "Sum of TotalIncludingTax"
            }
          ]
        }
      }
    },
    "drillFilterOtherVisuals": true
  },
  "filterConfig": {
    "filters": [
      {
        "name": "f693fb5ba25429a16930",
        "field": {
          "Column": {
            "Expression": {
              "SourceRef": {
                "Entity": "dimension_city"
              }
            },
            "Property": "SalesTerritory"
          }
        },
        "type": "Categorical"
      },
      {
        "name": "9b386983cda40550ad61",
        "field": {
          "Column": {
            "Expression": {
              "SourceRef": {
                "Entity": "dimension_city"
              }
            },
            "Property": "StateProvince"
          }
        },
        "type": "Categorical"
      },
      {
        "name": "7408689ae9880e23d8be",
        "field": {
          "Aggregation": {
            "Expression": {
              "Column": {
                "Expression": {
                  "SourceRef": {
                    "Entity": "fact_sale"
                  }
                },
                "Property": "Profit"
              }
            },
            "Function": 0
          }
        },
        "type": "Advanced"
      },
      {
        "name": "5df8e090aa0139890b24",
        "field": {
          "Aggregation": {
            "Expression": {
              "Column": {
                "Expression": {
                  "SourceRef": {
                    "Entity": "fact_sale"
                  }
                },
                "Property": "TotalIncludingTax"
              }
            },
            "Function": 0
          }
        },
        "type": "Advanced"
      }
    ]
  }
}