{
  "$schema": "https://developer.microsoft.com/json-schemas/fabric/item/report/definition/visualContainer/2.3.0/schema.json",
  "name": "4f4668ebc384530db387",
  "position": {
    "x": 647,
    "y": 12,
    "z": 12000,
    "height": 50,
    "width": 199,
    "tabOrder": 7000
  },
  "visual": {
    "visualType": "multiRowCard",
    "query": {
      "queryState": {
        "Values": {
          "projections": [
            {
              "field": {
                "Aggregation": {
                  "Expression": {
                    "Column": {
                      "Expression": {
                        "SourceRef": {
                          "Entity": "fact_sale"
                        }
                      },
                      "Property": "TotalExcludingTax"
                    }
                  },
                  "Function": 0
                }
              },
              "queryRef": "Sum(fact_sale.TotalExcludingTax)",
              "nativeQueryRef": "Sum of TotalExcludingTax",
              "displayName": "Sum of TotalExcludingTax"
            }
          ]
        }
      }
    },
    "objects": {
      "card": [
        {
          "properties": {
            "barColor": {
              "solid": {
                "color": {
                  "expr": {
                    "ThemeDataColor": {
                      "ColorId": 3,
                      "Percent": 0
                    }
                  }
                }
              }
            },
            "barWeight": {
              "expr": {
                "Literal": {
                  "Value": "4L"
                }
              }
            }
          }
        }
      ],
      "dataLabels": [
        {
          "properties": {
            "fontFamily": {
              "expr": {
                "Literal": {
                  "Value": "'Segoe UI'"
                }
              }
            },
            "fontSize": {
              "expr": {
                "Literal": {
                  "Value": "11L"
                }
              }
            }
          }
        }
      ],
      "categoryLabels": [
        {
          "properties": {
            "color": {
              "solid": {
                "color": {
                  "expr": {
                    "ThemeDataColor": {
                      "ColorId": 1,
                      "Percent": 0.4
                    }
                  }
                }
              }
            },
            "fontSize": {
              "expr": {
                "Literal": {
                  "Value": "11L"
                }
              }
            }
          }
        }
      ]
    },
    "visualContainerObjects": {
      "visualHeader": [
        {
          "properties": {
            "showCopyVisualImageButton": {
              "expr": {
                "Literal": {
                  "Value": "false"
                }
              }
            },
            "showFilterRestatementButton": {
              "expr": {
                "Literal": {
                  "Value": "false"
                }
              }
            },
            "showFocusModeButton": {
              "expr": {
                "Literal": {
                  "Value": "false"
                }
              }
            },
            "showPinButton": {
              "expr": {
                "Literal": {
                  "Value": "false"
                }
              }
            },
            "showPersonalizeVisualButton": {
              "expr": {
                "Literal": {
                  "Value": "false"
                }
              }
            }
          }
        }
      ]
    },
    "drillFilterOtherVisuals": true
  }
}