{
  "$schema": "https://developer.microsoft.com/json-schemas/fabric/item/report/definition/visualContainer/2.3.0/schema.json",
  "name": "c57792af5b561932c82b",
  "position": {
    "x": 12,
    "y": 33,
    "z": 13000,
    "height": 32,
    "width": 306,
    "tabOrder": 8000
  },
  "visual": {
    "visualType": "textbox",
    "objects": {
      "general": [
        {
          "properties": {
            "paragraphs": [
              {
                "textRuns": [
                  {
                    "value": "dimension_customer",
                    "textStyle": {
                      "fontSize": "12pt",
                      "color": "#605e5c"
                    }
                  }
                ]
              }
            ]
          }
        }
      ]
    },
    "drillFilterOtherVisuals": true
  }
}