{
  "$schema": "https://developer.microsoft.com/json-schemas/fabric/item/report/definition/visualContainer/2.3.0/schema.json",
  "name": "f1bea810537b8504e486",
  "position": {
    "x": 9.481481481481481,
    "y": 316.04938271604937,
    "z": 1,
    "height": 406.12345679012344,
    "width": 698.46913580246917,
    "tabOrder": 1
  },
  "visual": {
    "visualType": "azureMap",
    "query": {
      "queryState": {
        "Category": {
          "projections": [
            {
              "field": {
                "Column": {
                  "Expression": {
                    "SourceRef": {
                      "Entity": "dimension_city"
                    }
                  },
                  "Property": "StateProvince"
                }
              },
              "queryRef": "dimension_city.StateProvince",
              "nativeQueryRef": "StateProvince",
              "active": true
            }
          ]
        },
        "Size": {
          "projections": [
            {
              "field": {
                "Aggregation": {
                  "Expression": {
                    "Column": {
                      "Expression": {
                        "SourceRef": {
                          "Entity": "fact_sale"
                        }
                      },
                      "Property": "Profit"
                    }
                  },
                  "Function": 0
                }
              },
              "queryRef": "Sum(fact_sale.Profit)",
              "nativeQueryRef": "Sum of Profit"
            }
          ]
        }
      }
    },
    "drillFilterOtherVisuals": true
  },
  "filterConfig": {
    "filters": [
      {
        "name": "655491c07868babb7ab6",
        "field": {
          "Column": {
            "Expression": {
              "SourceRef": {
                "Entity": "dimension_city"
              }
            },
            "Property": "StateProvince"
          }
        },
        "type": "Categorical"
      },
      {
        "name": "27987ad83a6e7e3c1d1e",
        "field": {
          "Aggregation": {
            "Expression": {
              "Column": {
                "Expression": {
                  "SourceRef": {
                    "Entity": "fact_sale"
                  }
                },
                "Property": "Profit"
              }
            },
            "Function": 0
          }
        },
        "type": "Advanced"
      }
    ]
  }
}