{
  "$schema": "https://developer.microsoft.com/json-schemas/fabric/item/report/definition/visualContainer/2.3.0/schema.json",
  "name": "c393cfaaa0853b228643",
  "position": {
    "x": 646,
    "y": 84,
    "z": 2000,
    "height": 306,
    "width": 622,
    "tabOrder": -3000
  },
  "visual": {
    "visualType": "shape",
    "objects": {
      "fill": [
        {
          "properties": {
            "show": {
              "expr": {
                "Literal": {
                  "Value": "false"
                }
              }
            }
          }
        }
      ],
      "outline": [
        {
          "properties": {
            "show": {
              "expr": {
                "Literal": {
                  "Value": "false"
                }
              }
            }
          }
        }
      ],
      "shape": [
        {
          "properties": {
            "tileShape": {
              "expr": {
                "Literal": {
                  "Value": "'rectangle'"
                }
              }
            }
          }
        }
      ]
    },
    "visualContainerObjects": {
      "border": [
        {
          "properties": {
            "show": {
              "expr": {
                "Literal": {
                  "Value": "true"
                }
              }
            },
            "radius": {
              "expr": {
                "Literal": {
                  "Value": "4M"
                }
              }
            },
            "color": {
              "solid": {
                "color": {
                  "expr": {
                    "Literal": {
                      "Value": "'#E6E6E6'"
                    }
                  }
                }
              }
            }
          }
        }
      ],
      "dropShadow": [
        {
          "properties": {
            "show": {
              "expr": {
                "Literal": {
                  "Value": "true"
                }
              }
            },
            "preset": {
              "expr": {
                "Literal": {
                  "Value": "'Custom'"
                }
              }
            },
            "shadowBlur": {
              "expr": {
                "Literal": {
                  "Value": "3M"
                }
              }
            },
            "shadowDistance": {
              "expr": {
                "Literal": {
                  "Value": "1M"
                }
              }
            },
            "shadowSpread": {
              "expr": {
                "Literal": {
                  "Value": "1M"
                }
              }
            },
            "transparency": {
              "expr": {
                "Literal": {
                  "Value": "87M"
                }
              }
            }
          }
        }
      ]
    },
    "drillFilterOtherVisuals": true
  }
}