{
  "$schema": "https://developer.microsoft.com/json-schemas/fabric/item/report/definition/visualContainer/2.3.0/schema.json",
  "name": "f997417150130e7697a7",
  "position": {
    "x": 654,
    "y": 96,
    "z": 7000,
    "height": 282,
    "width": 606,
    "tabOrder": 2000
  },
  "visual": {
    "visualType": "clusteredBarChart",
    "query": {
      "queryState": {
        "Category": {
          "projections": [
            {
              "field": {
                "Column": {
                  "Expression": {
                    "SourceRef": {
                      "Entity": "dimension_customer"
                    }
                  },
                  "Property": "BuyingGroup"
                }
              },
              "queryRef": "dimension_customer.BuyingGroup",
              "nativeQueryRef": "BuyingGroup",
              "active": true
            }
          ]
        },
        "Y": {
          "projections": [
            {
              "field": {
                "Aggregation": {
                  "Expression": {
                    "Column": {
                      "Expression": {
                        "SourceRef": {
                          "Entity": "dimension_customer"
                        }
                      },
                      "Property": "PostalCode"
                    }
                  },
                  "Function": 2
                }
              },
              "queryRef": "Count(dimension_customer.PostalCode)",
              "nativeQueryRef": "Count of PostalCode",
              "displayName": "Count of PostalCode"
            }
          ]
        }
      },
      "sortDefinition": {
        "sort": [
          {
            "field": {
              "Aggregation": {
                "Expression": {
                  "Column": {
                    "Expression": {
                      "SourceRef": {
                        "Entity": "dimension_customer"
                      }
                    },
                    "Property": "PostalCode"
                  }
                },
                "Function": 2
              }
            },
            "direction": "Descending"
          }
        ]
      }
    },
    "objects": {
      "categoryAxis": [
        {
          "properties": {
            "axisType": {
              "expr": {
                "Literal": {
                  "Value": "'Categorical'"
                }
              }
            }
          }
        }
      ],
      "labels": [
        {
          "properties": {
            "show": {
              "expr": {
                "Literal": {
                  "Value": "true"
                }
              }
            }
          }
        }
      ],
      "dataPoint": [
        {
          "properties": {
            "fill": {
              "solid": {
                "color": {
                  "expr": {
                    "ThemeDataColor": {
                      "ColorId": 3,
                      "Percent": 0
                    }
                  }
                }
              }
            }
          }
        }
      ]
    },
    "visualContainerObjects": {
      "visualHeader": [
        {
          "properties": {
            "showCopyVisualImageButton": {
              "expr": {
                "Literal": {
                  "Value": "false"
                }
              }
            },
            "showFilterRestatementButton": {
              "expr": {
                "Literal": {
                  "Value": "false"
                }
              }
            },
            "showFocusModeButton": {
              "expr": {
                "Literal": {
                  "Value": "false"
                }
              }
            },
            "showPinButton": {
              "expr": {
                "Literal": {
                  "Value": "false"
                }
              }
            }
          }
        }
      ]
    },
    "drillFilterOtherVisuals": true
  }
}