{
  "$schema": "https://developer.microsoft.com/json-schemas/fabric/item/report/definition/visualContainer/2.3.0/schema.json",
  "name": "096cf59f1c18729c7c03",
  "position": {
    "x": 654,
    "y": 414,
    "z": 6000,
    "height": 282,
    "width": 289,
    "tabOrder": 1000
  },
  "visual": {
    "visualType": "clusteredBarChart",
    "query": {
      "queryState": {
        "Category": {
          "projections": [
            {
              "field": {
                "Column": {
                  "Expression": {
                    "SourceRef": {
                      "Entity": "dimension_customer"
                    }
                  },
                  "Property": "BuyingGroup"
                }
              },
              "queryRef": "dimension_customer.BuyingGroup",
              "nativeQueryRef": "BuyingGroup",
              "active": true
            }
          ]
        },
        "Y": {
          "projections": [
            {
              "field": {
                "Aggregation": {
                  "Expression": {
                    "SourceRef": {
                      "Entity": "dimension_customer"
                    }
                  },
                  "Function": 2
                }
              },
              "queryRef": "Count(dimension_customer)",
              "nativeQueryRef": "Count of dimension_customer",
              "displayName": "Count of dimension_customer"
            }
          ]
        }
      },
      "sortDefinition": {
        "sort": [
          {
            "field": {
              "Aggregation": {
                "Expression": {
                  "SourceRef": {
                    "Entity": "dimension_customer"
                  }
                },
                "Function": 2
              }
            },
            "direction": "Descending"
          }
        ]
      }
    },
    "objects": {
      "categoryAxis": [
        {
          "properties": {
            "axisType": {
              "expr": {
                "Literal": {
                  "Value": "'Categorical'"
                }
              }
            }
          }
        }
      ],
      "labels": [
        {
          "properties": {
            "show": {
              "expr": {
                "Literal": {
                  "Value": "true"
                }
              }
            }
          }
        }
      ],
      "dataPoint": [
        {
          "properties": {
            "fill": {
              "solid": {
                "color": {
                  "expr": {
                    "ThemeDataColor": {
                      "ColorId": 4,
                      "Percent": 0
                    }
                  }
                }
              }
            }
          }
        }
      ]
    },
    "visualContainerObjects": {
      "visualHeader": [
        {
          "properties": {
            "showCopyVisualImageButton": {
              "expr": {
                "Literal": {
                  "Value": "false"
                }
              }
            },
            "showFilterRestatementButton": {
              "expr": {
                "Literal": {
                  "Value": "false"
                }
              }
            },
            "showFocusModeButton": {
              "expr": {
                "Literal": {
                  "Value": "false"
                }
              }
            },
            "showPinButton": {
              "expr": {
                "Literal": {
                  "Value": "false"
                }
              }
            }
          }
        }
      ]
    },
    "drillFilterOtherVisuals": true
  }
}