{
  "$schema": "https://developer.microsoft.com/json-schemas/fabric/item/report/definition/visualContainer/2.3.0/schema.json",
  "name": "fc5c21b2c000d19b6985",
  "position": {
    "x": 971,
    "y": 414,
    "z": 5000,
    "height": 282,
    "width": 289,
    "tabOrder": 0
  },
  "visual": {
    "visualType": "clusteredBarChart",
    "query": {
      "queryState": {
        "Category": {
          "projections": [
            {
              "field": {
                "Column": {
                  "Expression": {
                    "SourceRef": {
                      "Entity": "dimension_customer"
                    }
                  },
                  "Property": "BillToCustomer"
                }
              },
              "queryRef": "dimension_customer.BillToCustomer",
              "nativeQueryRef": "BillToCustomer",
              "active": true
            }
          ]
        },
        "Y": {
          "projections": [
            {
              "field": {
                "Aggregation": {
                  "Expression": {
                    "Column": {
                      "Expression": {
                        "SourceRef": {
                          "Entity": "dimension_customer"
                        }
                      },
                      "Property": "LineageKey"
                    }
                  },
                  "Function": 5
                }
              },
              "queryRef": "CountNonNull(dimension_customer.LineageKey)",
              "nativeQueryRef": "Count of LineageKey",
              "displayName": "Count of LineageKey"
            }
          ]
        }
      },
      "sortDefinition": {
        "sort": [
          {
            "field": {
              "Aggregation": {
                "Expression": {
                  "Column": {
                    "Expression": {
                      "SourceRef": {
                        "Entity": "dimension_customer"
                      }
                    },
                    "Property": "LineageKey"
                  }
                },
                "Function": 5
              }
            },
            "direction": "Descending"
          }
        ]
      }
    },
    "objects": {
      "categoryAxis": [
        {
          "properties": {
            "axisType": {
              "expr": {
                "Literal": {
                  "Value": "'Categorical'"
                }
              }
            }
          }
        }
      ],
      "labels": [
        {
          "properties": {
            "show": {
              "expr": {
                "Literal": {
                  "Value": "true"
                }
              }
            }
          }
        }
      ],
      "dataPoint": [
        {
          "properties": {
            "fill": {
              "solid": {
                "color": {
                  "expr": {
                    "ThemeDataColor": {
                      "ColorId": 2,
                      "Percent": 0
                    }
                  }
                }
              }
            }
          }
        }
      ]
    },
    "visualContainerObjects": {
      "visualHeader": [
        {
          "properties": {
            "showCopyVisualImageButton": {
              "expr": {
                "Literal": {
                  "Value": "false"
                }
              }
            },
            "showFilterRestatementButton": {
              "expr": {
                "Literal": {
                  "Value": "false"
                }
              }
            },
            "showFocusModeButton": {
              "expr": {
                "Literal": {
                  "Value": "false"
                }
              }
            },
            "showPinButton": {
              "expr": {
                "Literal": {
                  "Value": "false"
                }
              }
            }
          }
        }
      ]
    },
    "drillFilterOtherVisuals": true
  }
}