{
  "$schema": "https://developer.microsoft.com/json-schemas/fabric/item/report/definition/visualContainer/2.3.0/schema.json",
  "name": "8b7a0b9fe0c6802e2eca",
  "position": {
    "x": 9.481481481481481,
    "y": 0,
    "z": 0,
    "height": 60.049382716049379,
    "width": 445.62962962962962,
    "tabOrder": 0
  },
  "visual": {
    "visualType": "textbox",
    "objects": {
      "general": [
        {
          "properties": {
            "paragraphs": [
              {
                "textRuns": [
                  {
                    "value": "WW Importers Profit Reporting",
                    "textStyle": {
                      "fontWeight": "bold",
                      "fontFamily": "Segoe UI, Segoe UI Variable Text, -apple-system, BlinkMacSystemFont, Helvetica Neue, Helvetica, Arial, sans-serif",
                      "fontSize": "20pt",
                      "color": "#161616"
                    }
                  }
                ]
              }
            ]
          }
        }
      ]
    },
    "drillFilterOtherVisuals": true
  }
}