{
  "$schema": "https://developer.microsoft.com/json-schemas/fabric/item/report/definition/visualContainer/2.3.0/schema.json",
  "name": "11d6a6dcb07969be7b53",
  "position": {
    "x": 654,
    "y": 414,
    "z": 6000,
    "height": 282,
    "width": 289,
    "tabOrder": 1000
  },
  "visual": {
    "visualType": "lineChart",
    "query": {
      "queryState": {
        "Category": {
          "projections": [
            {
              "field": {
                "Column": {
                  "Expression": {
                    "SourceRef": {
                      "Entity": "fact_sale"
                    }
                  },
                  "Property": "InvoiceDateKey"
                }
              },
              "queryRef": "fact_sale.InvoiceDateKey",
              "nativeQueryRef": "InvoiceDateKey",
              "active": true
            }
          ]
        },
        "Y": {
          "projections": [
            {
              "field": {
                "Aggregation": {
                  "Expression": {
                    "Column": {
                      "Expression": {
                        "SourceRef": {
                          "Entity": "fact_sale"
                        }
                      },
                      "Property": "StockItemKey"
                    }
                  },
                  "Function": 5
                }
              },
              "queryRef": "CountNonNull(fact_sale.StockItemKey)",
              "nativeQueryRef": "Count of StockItemKey",
              "displayName": "Count of StockItemKey"
            }
          ]
        }
      },
      "sortDefinition": {
        "sort": [
          {
            "field": {
              "Column": {
                "Expression": {
                  "SourceRef": {
                    "Entity": "fact_sale"
                  }
                },
                "Property": "InvoiceDateKey"
              }
            },
            "direction": "Ascending"
          }
        ]
      }
    },
    "objects": {
      "labels": [
        {
          "properties": {
            "show": {
              "expr": {
                "Literal": {
                  "Value": "false"
                }
              }
            }
          }
        }
      ],
      "dataPoint": [
        {
          "properties": {
            "fill": {
              "solid": {
                "color": {
                  "expr": {
                    "ThemeDataColor": {
                      "ColorId": 4,
                      "Percent": 0
                    }
                  }
                }
              }
            }
          },
          "selector": {
            "metadata": "CountNonNull(fact_sale.StockItemKey)"
          }
        }
      ]
    },
    "visualContainerObjects": {
      "visualHeader": [
        {
          "properties": {
            "showCopyVisualImageButton": {
              "expr": {
                "Literal": {
                  "Value": "false"
                }
              }
            },
            "showFilterRestatementButton": {
              "expr": {
                "Literal": {
                  "Value": "false"
                }
              }
            },
            "showFocusModeButton": {
              "expr": {
                "Literal": {
                  "Value": "false"
                }
              }
            },
            "showPinButton": {
              "expr": {
                "Literal": {
                  "Value": "false"
                }
              }
            }
          }
        }
      ]
    },
    "drillFilterOtherVisuals": true
  }
}