{
  "$schema": "https://developer.microsoft.com/json-schemas/fabric/item/report/definition/visualContainer/2.3.0/schema.json",
  "name": "c53582c79e0d6e907561",
  "position": {
    "x": 9.481481481481481,
    "y": 0,
    "z": 0,
    "height": 316.04938271604937,
    "width": 698.46913580246917,
    "tabOrder": 0
  },
  "visual": {
    "visualType": "clusteredColumnChart",
    "query": {
      "queryState": {
        "Category": {
          "projections": [
            {
              "field": {
                "Column": {
                  "Expression": {
                    "SourceRef": {
                      "Entity": "dimension_city"
                    }
                  },
                  "Property": "SalesTerritory"
                }
              },
              "queryRef": "dimension_city.SalesTerritory",
              "nativeQueryRef": "SalesTerritory",
              "active": true
            }
          ]
        },
        "Y": {
          "projections": [
            {
              "field": {
                "Aggregation": {
                  "Expression": {
                    "Column": {
                      "Expression": {
                        "SourceRef": {
                          "Entity": "fact_sale"
                        }
                      },
                      "Property": "Profit"
                    }
                  },
                  "Function": 0
                }
              },
              "queryRef": "Sum(fact_sale.Profit)",
              "nativeQueryRef": "Sum of Profit"
            }
          ]
        }
      },
      "sortDefinition": {
        "sort": [
          {
            "field": {
              "Aggregation": {
                "Expression": {
                  "Column": {
                    "Expression": {
                      "SourceRef": {
                        "Entity": "fact_sale"
                      }
                    },
                    "Property": "Profit"
                  }
                },
                "Function": 0
              }
            },
            "direction": "Descending"
          }
        ],
        "isDefaultSort": true
      }
    },
    "drillFilterOtherVisuals": true
  },
  "filterConfig": {
    "filters": [
      {
        "name": "0c114a4520450d16478e",
        "field": {
          "Aggregation": {
            "Expression": {
              "Column": {
                "Expression": {
                  "SourceRef": {
                    "Entity": "fact_sale"
                  }
                },
                "Property": "Profit"
              }
            },
            "Function": 0
          }
        },
        "type": "Advanced"
      },
      {
        "name": "d0a761dd024957d4213e",
        "field": {
          "Column": {
            "Expression": {
              "SourceRef": {
                "Entity": "dimension_city"
              }
            },
            "Property": "SalesTerritory"
          }
        },
        "type": "Categorical"
      }
    ]
  }
}