{
  "schema_version": 63,
  "tiles": [
    {
      "id": "e5b991b3-ed65-4913-8d86-97cf5161ca5c",
      "title": "Recent bikes by Timepoint",
      "visualType": "column",
      "pageId": "cd09d7d0-261c-453c-bb9f-6eefc1bea3a3",
      "layout": {
        "x": 0,
        "y": 0,
        "width": 9,
        "height": 7
      },
      "queryRef": {
        "kind": "query",
        "queryId": "0fb4f6a0-1b6d-4153-a086-bf8884e7d88e"
      },
      "visualOptions": {
        "xColumn": "BikepointID",
        "multipleYAxes": {
          "additional": [],
          "showMultiplePanels": false,
          "base": {
            "horizontalLines": [],
            "yAxisScale": "linear",
            "yAxisMaximumValue": null,
            "yAxisMinimumValue": null,
            "columns": [],
            "label": "",
            "id": "-1"
          }
        },
        "yColumns": [
          "No_Bikes"
        ],
        "seriesColumns": null,
        "anomalyColumns": null,
        "map__longitudeColumn": "BikepointID",
        "map__latitudeColumn": "No_Bikes",
        "selectedDataOnLoad": {
          "all": true,
          "limit": 10
        }
      }
    },
    {
      "id": "7f208a73-8aaf-488f-80c1-1813ffaf665b",
      "title": "Chelsea bikes",
      "visualType": "table",
      "pageId": "cd09d7d0-261c-453c-bb9f-6eefc1bea3a3",
      "layout": {
        "x": 9,
        "y": 0,
        "width": 9,
        "height": 7
      },
      "queryRef": {
        "kind": "query",
        "queryId": "355986d2-eb19-4a53-be23-1d469077a8db"
      },
      "visualOptions": {
        "table__enableRenderLinks": true,
        "colorRulesDisabled": true,
        "crossFilterDisabled": false,
        "drillthroughDisabled": false,
        "crossFilter": [],
        "drillthrough": [],
        "table__renderLinks": [],
        "colorRules": []
      }
    },
    {
      "id": "46862381-2c9b-44a6-adc1-9c5d455a0129",
      "title": "Bike locations Map",
      "visualType": "map",
      "pageId": "cd09d7d0-261c-453c-bb9f-6eefc1bea3a3",
      "layout": {
        "x": 0,
        "y": 7,
        "width": 18,
        "height": 7
      },
      "queryRef": {
        "kind": "query",
        "queryId": "e9fee6d1-ab4f-47e8-ac42-197b0fb17264"
      },
      "visualOptions": {
        "map__latitudeColumn": "Latitude",
        "map__longitudeColumn": "Longitude",
        "map__labelColumn": null,
        "map__sizeColumn": null,
        "map__sizeDisabled": true,
        "map__geoType": "numeric",
        "map__geoPointColumn": null
      }
    }
  ],
  "baseQueries": [],
  "parameters": [
    {
      "kind": "duration",
      "id": "0fc1d058-4a76-43f6-a0f9-6378a190ecc6",
      "displayName": "Time range",
      "description": "",
      "beginVariableName": "_startTime",
      "endVariableName": "_endTime",
      "defaultValue": {
        "kind": "dynamic",
        "count": 1,
        "unit": "hours"
      },
      "showOnPages": {
        "kind": "all"
      }
    }
  ],
  "dataSources": [
    {
      "id": "81ed6fde-ecdc-42b6-acae-422dc38c482c",
      "kind": "kusto-trident",
      "scopeId": "kusto-trident",
      "clusterUri": "",
      "database": "558127f5-0c72-98c6-47bb-8bdc543d1b99",
      "name": "part4_eventhouse_tutorial",
      "workspace": "00000000-0000-0000-0000-000000000000"
    }
  ],
  "pages": [
    {
      "name": "Page 1",
      "id": "cd09d7d0-261c-453c-bb9f-6eefc1bea3a3"
    }
  ],
  "queries": [
    {
      "dataSource": {
        "kind": "inline",
        "dataSourceId": "81ed6fde-ecdc-42b6-acae-422dc38c482c"
      },
      "text": "AggregatedData\n| sort by BikepointID\n| render columnchart with (ycolumns=No_Bikes,xcolumn=BikepointID)",
      "id": "0fb4f6a0-1b6d-4153-a086-bf8884e7d88e",
      "usedVariables": []
    },
    {
      "dataSource": {
        "kind": "inline",
        "dataSourceId": "81ed6fde-ecdc-42b6-acae-422dc38c482c"
      },
      "text": "RawData\n| where Neighbourhood == \"Chelsea\"",
      "id": "355986d2-eb19-4a53-be23-1d469077a8db",
      "usedVariables": []
    },
    {
      "dataSource": {
        "kind": "inline",
        "dataSourceId": "81ed6fde-ecdc-42b6-acae-422dc38c482c"
      },
      "text": "RawData\n| where Timestamp > ago(1h)",
      "id": "e9fee6d1-ab4f-47e8-ac42-197b0fb17264",
      "usedVariables": []
    }
  ]
}