{
  "name": "{{Dataset_Name}}",
  "compatibilityLevel": 1604,
  "model": {
    "name": "{{Dataset_Name}}",
    "culture": "en-US",
    "collation": "Latin1_General_100_BIN2_UTF8",
    "dataAccessOptions": {
      "legacyRedirects": true,
      "returnErrorValuesAsNull": true
    },
    "defaultPowerBIDataSourceVersion": "powerBI_V3",
    "sourceQueryCulture": "en-US",
    "tables": [
      {
        "name": "Top10Customers",
        "sourceLineageTag": "[dbo].[Top10Customers]",
        "columns": [
          {
            "name": "CustomerKey",
            "dataType": "int64",
            "sourceColumn": "CustomerKey",
            "formatString": "0",
            "sourceProviderType": "int",
            "sourceLineageTag": "CustomerKey",
            "summarizeBy": "sum",
            "annotations": [
              {
                "name": "SummarizationSetBy",
                "value": "Automatic"
              }
            ]
          },
          {
            "name": "Customer",
            "dataType": "string",
            "sourceColumn": "Customer",
            "sourceProviderType": "varchar",
            "sourceLineageTag": "Customer",
            "summarizeBy": "none",
            "annotations": [
              {
                "name": "SummarizationSetBy",
                "value": "Automatic"
              }
            ]
          },
          {
            "name": "TotalSalesAmount",
            "dataType": "double",
            "sourceColumn": "TotalSalesAmount",
            "sourceProviderType": "decimal",
            "sourceLineageTag": "TotalSalesAmount",
            "summarizeBy": "sum",
            "annotations": [
              {
                "name": "SummarizationSetBy",
                "value": "Automatic"
              },
              {
                "name": "PBI_FormatHint",
                "value": "{\"isGeneralNumber\":true}"
              }
            ]
          }
        ],
        "partitions": [
          {
            "name": "{{Partition_Name}}",
            "mode": "directLake",
            "source": {
              "type": "entity",
              "entityName": "Top10Customers",
              "expressionSource": "DatabaseQuery",
              "schemaName": "dbo"
            }
          }
        ],
        "annotations": [
          {
            "name": "IsTableInBiModel",
            "value": "False"
          }
        ]
      },
      {
        "name": "aggregate_sale_by_date_city",
        "sourceLineageTag": "[dbo].[aggregate_sale_by_date_city]",
        "columns": [
          {
            "name": "SumOfTotalIncludingTax",
            "dataType": "double",
            "sourceColumn": "SumOfTotalIncludingTax",
            "sourceProviderType": "decimal",
            "sourceLineageTag": "SumOfTotalIncludingTax",
            "summarizeBy": "sum",
            "annotations": [
              {
                "name": "SummarizationSetBy",
                "value": "Automatic"
              },
              {
                "name": "PBI_FormatHint",
                "value": "{\"isGeneralNumber\":true}"
              }
            ]
          },
          {
            "name": "SumOfProfit",
            "dataType": "double",
            "sourceColumn": "SumOfProfit",
            "sourceProviderType": "decimal",
            "sourceLineageTag": "SumOfProfit",
            "summarizeBy": "sum",
            "annotations": [
              {
                "name": "SummarizationSetBy",
                "value": "Automatic"
              },
              {
                "name": "PBI_FormatHint",
                "value": "{\"isGeneralNumber\":true}"
              }
            ]
          },
          {
            "name": "Date",
            "dataType": "dateTime",
            "sourceColumn": "Date",
            "formatString": "General Date",
            "sourceProviderType": "datetime2",
            "sourceLineageTag": "Date",
            "summarizeBy": "none",
            "annotations": [
              {
                "name": "SummarizationSetBy",
                "value": "Automatic"
              }
            ]
          },
          {
            "name": "City",
            "dataType": "string",
            "sourceColumn": "City",
            "sourceProviderType": "varchar",
            "sourceLineageTag": "City",
            "summarizeBy": "none",
            "annotations": [
              {
                "name": "SummarizationSetBy",
                "value": "Automatic"
              }
            ]
          },
          {
            "name": "StateProvince",
            "dataType": "string",
            "sourceColumn": "StateProvince",
            "sourceProviderType": "varchar",
            "sourceLineageTag": "StateProvince",
            "summarizeBy": "none",
            "annotations": [
              {
                "name": "SummarizationSetBy",
                "value": "Automatic"
              }
            ]
          },
          {
            "name": "SalesTerritory",
            "dataType": "string",
            "sourceColumn": "SalesTerritory",
            "sourceProviderType": "varchar",
            "sourceLineageTag": "SalesTerritory",
            "summarizeBy": "none",
            "annotations": [
              {
                "name": "SummarizationSetBy",
                "value": "Automatic"
              }
            ]
          },
          {
            "name": "SumOfTotalExcludingTax",
            "dataType": "double",
            "sourceColumn": "SumOfTotalExcludingTax",
            "sourceProviderType": "decimal",
            "sourceLineageTag": "SumOfTotalExcludingTax",
            "summarizeBy": "sum",
            "annotations": [
              {
                "name": "SummarizationSetBy",
                "value": "Automatic"
              },
              {
                "name": "PBI_FormatHint",
                "value": "{\"isGeneralNumber\":true}"
              }
            ]
          },
          {
            "name": "SumOfTaxAmount",
            "dataType": "double",
            "sourceColumn": "SumOfTaxAmount",
            "sourceProviderType": "decimal",
            "sourceLineageTag": "SumOfTaxAmount",
            "summarizeBy": "sum",
            "annotations": [
              {
                "name": "SummarizationSetBy",
                "value": "Automatic"
              },
              {
                "name": "PBI_FormatHint",
                "value": "{\"isGeneralNumber\":true}"
              }
            ]
          }
        ],
        "partitions": [
          {
            "name": "{{Partition_Name}}",
            "mode": "directLake",
            "source": {
              "type": "entity",
              "entityName": "aggregate_sale_by_date_city",
              "expressionSource": "DatabaseQuery",
              "schemaName": "dbo"
            }
          }
        ],
        "annotations": [
          {
            "name": "IsTableInBiModel",
            "value": "False"
          }
        ]
      },
      {
        "name": "dimension_city",
        "sourceLineageTag": "[dbo].[dimension_city]",
        "columns": [
          {
            "name": "CityKey",
            "dataType": "int64",
            "sourceColumn": "CityKey",
            "formatString": "0",
            "sourceProviderType": "int",
            "sourceLineageTag": "CityKey",
            "summarizeBy": "sum",
            "annotations": [
              {
                "name": "SummarizationSetBy",
                "value": "Automatic"
              }
            ]
          },
          {
            "name": "WWICityID",
            "dataType": "int64",
            "sourceColumn": "WWICityID",
            "formatString": "0",
            "sourceProviderType": "int",
            "sourceLineageTag": "WWICityID",
            "summarizeBy": "sum",
            "annotations": [
              {
                "name": "SummarizationSetBy",
                "value": "Automatic"
              }
            ]
          },
          {
            "name": "City",
            "dataType": "string",
            "sourceColumn": "City",
            "sourceProviderType": "varchar",
            "sourceLineageTag": "City",
            "summarizeBy": "none",
            "annotations": [
              {
                "name": "SummarizationSetBy",
                "value": "Automatic"
              }
            ]
          },
          {
            "name": "StateProvince",
            "dataType": "string",
            "sourceColumn": "StateProvince",
            "sourceProviderType": "varchar",
            "sourceLineageTag": "StateProvince",
            "summarizeBy": "none",
            "annotations": [
              {
                "name": "SummarizationSetBy",
                "value": "Automatic"
              }
            ]
          },
          {
            "name": "Country",
            "dataType": "string",
            "sourceColumn": "Country",
            "sourceProviderType": "varchar",
            "sourceLineageTag": "Country",
            "summarizeBy": "none",
            "annotations": [
              {
                "name": "SummarizationSetBy",
                "value": "Automatic"
              }
            ]
          },
          {
            "name": "Continent",
            "dataType": "string",
            "sourceColumn": "Continent",
            "sourceProviderType": "varchar",
            "sourceLineageTag": "Continent",
            "summarizeBy": "none",
            "annotations": [
              {
                "name": "SummarizationSetBy",
                "value": "Automatic"
              }
            ]
          },
          {
            "name": "ValidTo",
            "dataType": "dateTime",
            "sourceColumn": "ValidTo",
            "formatString": "General Date",
            "sourceProviderType": "datetime2",
            "sourceLineageTag": "ValidTo",
            "summarizeBy": "none",
            "annotations": [
              {
                "name": "SummarizationSetBy",
                "value": "Automatic"
              }
            ]
          },
          {
            "name": "LineageKey",
            "dataType": "int64",
            "sourceColumn": "LineageKey",
            "formatString": "0",
            "sourceProviderType": "int",
            "sourceLineageTag": "LineageKey",
            "summarizeBy": "sum",
            "annotations": [
              {
                "name": "SummarizationSetBy",
                "value": "Automatic"
              }
            ]
          },
          {
            "name": "SalesTerritory",
            "dataType": "string",
            "sourceColumn": "SalesTerritory",
            "sourceProviderType": "varchar",
            "sourceLineageTag": "SalesTerritory",
            "summarizeBy": "none",
            "annotations": [
              {
                "name": "SummarizationSetBy",
                "value": "Automatic"
              }
            ]
          },
          {
            "name": "Region",
            "dataType": "string",
            "sourceColumn": "Region",
            "sourceProviderType": "varchar",
            "sourceLineageTag": "Region",
            "summarizeBy": "none",
            "annotations": [
              {
                "name": "SummarizationSetBy",
                "value": "Automatic"
              }
            ]
          },
          {
            "name": "Subregion",
            "dataType": "string",
            "sourceColumn": "Subregion",
            "sourceProviderType": "varchar",
            "sourceLineageTag": "Subregion",
            "summarizeBy": "none",
            "annotations": [
              {
                "name": "SummarizationSetBy",
                "value": "Automatic"
              }
            ]
          },
          {
            "name": "Location",
            "dataType": "string",
            "sourceColumn": "Location",
            "sourceProviderType": "varchar",
            "sourceLineageTag": "Location",
            "summarizeBy": "none",
            "annotations": [
              {
                "name": "SummarizationSetBy",
                "value": "Automatic"
              }
            ]
          },
          {
            "name": "LatestRecordedPopulation",
            "dataType": "int64",
            "sourceColumn": "LatestRecordedPopulation",
            "formatString": "0",
            "sourceProviderType": "bigint",
            "sourceLineageTag": "LatestRecordedPopulation",
            "summarizeBy": "sum",
            "annotations": [
              {
                "name": "SummarizationSetBy",
                "value": "Automatic"
              }
            ]
          },
          {
            "name": "ValidFrom",
            "dataType": "dateTime",
            "sourceColumn": "ValidFrom",
            "formatString": "General Date",
            "sourceProviderType": "datetime2",
            "sourceLineageTag": "ValidFrom",
            "summarizeBy": "none",
            "annotations": [
              {
                "name": "SummarizationSetBy",
                "value": "Automatic"
              }
            ]
          }
        ],
        "partitions": [
          {
            "name": "{{Partition_Name}}",
            "mode": "directLake",
            "source": {
              "type": "entity",
              "entityName": "dimension_city",
              "expressionSource": "DatabaseQuery",
              "schemaName": "dbo"
            }
          }
        ],
        "annotations": [
          {
            "name": "IsTableInBiModel",
            "value": "False"
          }
        ]
      },
      {
        "name": "dimension_customer",
        "sourceLineageTag": "[dbo].[dimension_customer]",
        "columns": [
          {
            "name": "CustomerKey",
            "dataType": "int64",
            "sourceColumn": "CustomerKey",
            "formatString": "0",
            "sourceProviderType": "bigint",
            "sourceLineageTag": "CustomerKey",
            "summarizeBy": "sum",
            "annotations": [
              {
                "name": "SummarizationSetBy",
                "value": "Automatic"
              }
            ]
          },
          {
            "name": "WWICustomerID",
            "dataType": "int64",
            "sourceColumn": "WWICustomerID",
            "formatString": "0",
            "sourceProviderType": "bigint",
            "sourceLineageTag": "WWICustomerID",
            "summarizeBy": "sum",
            "annotations": [
              {
                "name": "SummarizationSetBy",
                "value": "Automatic"
              }
            ]
          },
          {
            "name": "Customer",
            "dataType": "string",
            "sourceColumn": "Customer",
            "sourceProviderType": "varchar",
            "sourceLineageTag": "Customer",
            "summarizeBy": "none",
            "annotations": [
              {
                "name": "SummarizationSetBy",
                "value": "Automatic"
              }
            ]
          },
          {
            "name": "BillToCustomer",
            "dataType": "string",
            "sourceColumn": "BillToCustomer",
            "sourceProviderType": "varchar",
            "sourceLineageTag": "BillToCustomer",
            "summarizeBy": "none",
            "annotations": [
              {
                "name": "SummarizationSetBy",
                "value": "Automatic"
              }
            ]
          },
          {
            "name": "Category",
            "dataType": "string",
            "sourceColumn": "Category",
            "sourceProviderType": "varchar",
            "sourceLineageTag": "Category",
            "summarizeBy": "none",
            "annotations": [
              {
                "name": "SummarizationSetBy",
                "value": "Automatic"
              }
            ]
          },
          {
            "name": "BuyingGroup",
            "dataType": "string",
            "sourceColumn": "BuyingGroup",
            "sourceProviderType": "varchar",
            "sourceLineageTag": "BuyingGroup",
            "summarizeBy": "none",
            "annotations": [
              {
                "name": "SummarizationSetBy",
                "value": "Automatic"
              }
            ]
          },
          {
            "name": "PrimaryContact",
            "dataType": "string",
            "sourceColumn": "PrimaryContact",
            "sourceProviderType": "varchar",
            "sourceLineageTag": "PrimaryContact",
            "summarizeBy": "none",
            "annotations": [
              {
                "name": "SummarizationSetBy",
                "value": "Automatic"
              }
            ]
          },
          {
            "name": "PostalCode",
            "dataType": "string",
            "sourceColumn": "PostalCode",
            "sourceProviderType": "varchar",
            "sourceLineageTag": "PostalCode",
            "summarizeBy": "none",
            "annotations": [
              {
                "name": "SummarizationSetBy",
                "value": "Automatic"
              }
            ]
          },
          {
            "name": "ValidFrom",
            "dataType": "dateTime",
            "sourceColumn": "ValidFrom",
            "formatString": "General Date",
            "sourceProviderType": "datetime2",
            "sourceLineageTag": "ValidFrom",
            "summarizeBy": "none",
            "annotations": [
              {
                "name": "SummarizationSetBy",
                "value": "Automatic"
              }
            ]
          },
          {
            "name": "ValidTo",
            "dataType": "dateTime",
            "sourceColumn": "ValidTo",
            "formatString": "General Date",
            "sourceProviderType": "datetime2",
            "sourceLineageTag": "ValidTo",
            "summarizeBy": "none",
            "annotations": [
              {
                "name": "SummarizationSetBy",
                "value": "Automatic"
              }
            ]
          },
          {
            "name": "LineageKey",
            "dataType": "int64",
            "sourceColumn": "LineageKey",
            "formatString": "0",
            "sourceProviderType": "bigint",
            "sourceLineageTag": "LineageKey",
            "summarizeBy": "sum",
            "annotations": [
              {
                "name": "SummarizationSetBy",
                "value": "Automatic"
              }
            ]
          }
        ],
        "partitions": [
          {
            "name": "{{Partition_Name}}",
            "mode": "directLake",
            "source": {
              "type": "entity",
              "entityName": "dimension_customer",
              "expressionSource": "DatabaseQuery",
              "schemaName": "dbo"
            }
          }
        ],
        "annotations": [
          {
            "name": "IsTableInBiModel",
            "value": "False"
          }
        ]
      },
      {
        "name": "fact_sale",
        "sourceLineageTag": "[dbo].[fact_sale]",
        "columns": [
          {
            "name": "SaleKey",
            "dataType": "int64",
            "sourceColumn": "SaleKey",
            "formatString": "0",
            "sourceProviderType": "bigint",
            "sourceLineageTag": "SaleKey",
            "summarizeBy": "sum",
            "annotations": [
              {
                "name": "SummarizationSetBy",
                "value": "Automatic"
              }
            ]
          },
          {
            "name": "CityKey",
            "dataType": "int64",
            "sourceColumn": "CityKey",
            "formatString": "0",
            "sourceProviderType": "int",
            "sourceLineageTag": "CityKey",
            "summarizeBy": "sum",
            "annotations": [
              {
                "name": "SummarizationSetBy",
                "value": "Automatic"
              }
            ]
          },
          {
            "name": "CustomerKey",
            "dataType": "int64",
            "sourceColumn": "CustomerKey",
            "formatString": "0",
            "sourceProviderType": "int",
            "sourceLineageTag": "CustomerKey",
            "summarizeBy": "sum",
            "annotations": [
              {
                "name": "SummarizationSetBy",
                "value": "Automatic"
              }
            ]
          },
          {
            "name": "BillToCustomerKey",
            "dataType": "int64",
            "sourceColumn": "BillToCustomerKey",
            "formatString": "0",
            "sourceProviderType": "int",
            "sourceLineageTag": "BillToCustomerKey",
            "summarizeBy": "sum",
            "annotations": [
              {
                "name": "SummarizationSetBy",
                "value": "Automatic"
              }
            ]
          },
          {
            "name": "StockItemKey",
            "dataType": "int64",
            "sourceColumn": "StockItemKey",
            "formatString": "0",
            "sourceProviderType": "int",
            "sourceLineageTag": "StockItemKey",
            "summarizeBy": "sum",
            "annotations": [
              {
                "name": "SummarizationSetBy",
                "value": "Automatic"
              }
            ]
          },
          {
            "name": "InvoiceDateKey",
            "dataType": "dateTime",
            "sourceColumn": "InvoiceDateKey",
            "formatString": "General Date",
            "sourceProviderType": "datetime2",
            "sourceLineageTag": "InvoiceDateKey",
            "summarizeBy": "none",
            "annotations": [
              {
                "name": "SummarizationSetBy",
                "value": "Automatic"
              }
            ]
          },
          {
            "name": "TotalDryItems",
            "dataType": "int64",
            "sourceColumn": "TotalDryItems",
            "formatString": "0",
            "sourceProviderType": "int",
            "sourceLineageTag": "TotalDryItems",
            "summarizeBy": "sum",
            "annotations": [
              {
                "name": "SummarizationSetBy",
                "value": "Automatic"
              }
            ]
          },
          {
            "name": "TotalChillerItems",
            "dataType": "int64",
            "sourceColumn": "TotalChillerItems",
            "formatString": "0",
            "sourceProviderType": "int",
            "sourceLineageTag": "TotalChillerItems",
            "summarizeBy": "sum",
            "annotations": [
              {
                "name": "SummarizationSetBy",
                "value": "Automatic"
              }
            ]
          },
          {
            "name": "LineageKey",
            "dataType": "int64",
            "sourceColumn": "LineageKey",
            "formatString": "0",
            "sourceProviderType": "int",
            "sourceLineageTag": "LineageKey",
            "summarizeBy": "sum",
            "annotations": [
              {
                "name": "SummarizationSetBy",
                "value": "Automatic"
              }
            ]
          },
          {
            "name": "Month",
            "dataType": "int64",
            "sourceColumn": "Month",
            "formatString": "0",
            "sourceProviderType": "int",
            "sourceLineageTag": "Month",
            "summarizeBy": "sum",
            "annotations": [
              {
                "name": "SummarizationSetBy",
                "value": "Automatic"
              }
            ]
          },
          {
            "name": "Year",
            "dataType": "int64",
            "sourceColumn": "Year",
            "formatString": "0",
            "sourceProviderType": "int",
            "sourceLineageTag": "Year",
            "summarizeBy": "sum",
            "annotations": [
              {
                "name": "SummarizationSetBy",
                "value": "Automatic"
              }
            ]
          },
          {
            "name": "Quarter",
            "dataType": "int64",
            "sourceColumn": "Quarter",
            "formatString": "0",
            "sourceProviderType": "int",
            "sourceLineageTag": "Quarter",
            "summarizeBy": "sum",
            "annotations": [
              {
                "name": "SummarizationSetBy",
                "value": "Automatic"
              }
            ]
          },
          {
            "name": "UnitPrice",
            "dataType": "double",
            "sourceColumn": "UnitPrice",
            "sourceProviderType": "decimal",
            "sourceLineageTag": "UnitPrice",
            "summarizeBy": "sum",
            "annotations": [
              {
                "name": "SummarizationSetBy",
                "value": "Automatic"
              },
              {
                "name": "PBI_FormatHint",
                "value": "{\"isGeneralNumber\":true}"
              }
            ]
          },
          {
            "name": "TaxRate",
            "dataType": "double",
            "sourceColumn": "TaxRate",
            "sourceProviderType": "decimal",
            "sourceLineageTag": "TaxRate",
            "summarizeBy": "sum",
            "annotations": [
              {
                "name": "SummarizationSetBy",
                "value": "Automatic"
              },
              {
                "name": "PBI_FormatHint",
                "value": "{\"isGeneralNumber\":true}"
              }
            ]
          },
          {
            "name": "TotalExcludingTax",
            "dataType": "double",
            "sourceColumn": "TotalExcludingTax",
            "sourceProviderType": "decimal",
            "sourceLineageTag": "TotalExcludingTax",
            "summarizeBy": "sum",
            "annotations": [
              {
                "name": "SummarizationSetBy",
                "value": "Automatic"
              },
              {
                "name": "PBI_FormatHint",
                "value": "{\"isGeneralNumber\":true}"
              }
            ]
          },
          {
            "name": "TaxAmount",
            "dataType": "double",
            "sourceColumn": "TaxAmount",
            "sourceProviderType": "decimal",
            "sourceLineageTag": "TaxAmount",
            "summarizeBy": "sum",
            "annotations": [
              {
                "name": "SummarizationSetBy",
                "value": "Automatic"
              },
              {
                "name": "PBI_FormatHint",
                "value": "{\"isGeneralNumber\":true}"
              }
            ]
          },
          {
            "name": "Profit",
            "dataType": "double",
            "sourceColumn": "Profit",
            "sourceProviderType": "decimal",
            "sourceLineageTag": "Profit",
            "summarizeBy": "sum",
            "annotations": [
              {
                "name": "SummarizationSetBy",
                "value": "Automatic"
              },
              {
                "name": "PBI_FormatHint",
                "value": "{\"isGeneralNumber\":true}"
              }
            ]
          },
          {
            "name": "TotalIncludingTax",
            "dataType": "double",
            "sourceColumn": "TotalIncludingTax",
            "sourceProviderType": "decimal",
            "sourceLineageTag": "TotalIncludingTax",
            "summarizeBy": "sum",
            "annotations": [
              {
                "name": "SummarizationSetBy",
                "value": "Automatic"
              },
              {
                "name": "PBI_FormatHint",
                "value": "{\"isGeneralNumber\":true}"
              }
            ]
          },
          {
            "name": "DeliveryDateKey",
            "dataType": "dateTime",
            "sourceColumn": "DeliveryDateKey",
            "formatString": "General Date",
            "sourceProviderType": "datetime2",
            "sourceLineageTag": "DeliveryDateKey",
            "summarizeBy": "none",
            "annotations": [
              {
                "name": "SummarizationSetBy",
                "value": "Automatic"
              }
            ]
          },
          {
            "name": "SalespersonKey",
            "dataType": "int64",
            "sourceColumn": "SalespersonKey",
            "formatString": "0",
            "sourceProviderType": "int",
            "sourceLineageTag": "SalespersonKey",
            "summarizeBy": "sum",
            "annotations": [
              {
                "name": "SummarizationSetBy",
                "value": "Automatic"
              }
            ]
          },
          {
            "name": "WWIInvoiceID",
            "dataType": "int64",
            "sourceColumn": "WWIInvoiceID",
            "formatString": "0",
            "sourceProviderType": "int",
            "sourceLineageTag": "WWIInvoiceID",
            "summarizeBy": "sum",
            "annotations": [
              {
                "name": "SummarizationSetBy",
                "value": "Automatic"
              }
            ]
          },
          {
            "name": "Description",
            "dataType": "string",
            "sourceColumn": "Description",
            "sourceProviderType": "varchar",
            "sourceLineageTag": "Description",
            "summarizeBy": "none",
            "annotations": [
              {
                "name": "SummarizationSetBy",
                "value": "Automatic"
              }
            ]
          },
          {
            "name": "Package",
            "dataType": "string",
            "sourceColumn": "Package",
            "sourceProviderType": "varchar",
            "sourceLineageTag": "Package",
            "summarizeBy": "none",
            "annotations": [
              {
                "name": "SummarizationSetBy",
                "value": "Automatic"
              }
            ]
          },
          {
            "name": "Quantity",
            "dataType": "int64",
            "sourceColumn": "Quantity",
            "formatString": "0",
            "sourceProviderType": "int",
            "sourceLineageTag": "Quantity",
            "summarizeBy": "sum",
            "annotations": [
              {
                "name": "SummarizationSetBy",
                "value": "Automatic"
              }
            ]
          }
        ],
        "partitions": [
          {
            "name": "{{Partition_Name}}",
            "mode": "directLake",
            "source": {
              "type": "entity",
              "entityName": "fact_sale",
              "expressionSource": "DatabaseQuery",
              "schemaName": "dbo"
            }
          }
        ],
        "annotations": [
          {
            "name": "IsTableInBiModel",
            "value": "False"
          }
        ]
      }
    ],
    "expressions": [
      {
        "name": "DatabaseQuery",
        "kind": "m",
        "expression": "let\n    database = {{TDS_Endpoint}}\nin\n    database\n"
      }
    ],
    "annotations": [
      {
        "name": "__PBI_TimeIntelligenceEnabled",
        "value": "0"
      },
      {
        "name": "SourceLineageTagType",
        "value": "DatabaseFullyQualifiedName"
      }
    ]
  }
}