{
  "properties": {
    "activities": [
      {
        "type": "Copy",
        "typeProperties": {
          "source": {
            "type": "BinarySource",
            "formatSettings": {
              "type": "BinaryReadSettings"
            },
            "storeSettings": {
              "type": "AzureBlobStorageReadSettings",
              "recursive": true
            },
            "datasetSettings": {
              "type": "Binary",
              "typeProperties": {
                "location": {
                  "type": "AzureBlobStorageLocation",
                  "container": "sampledata",
                  "folderPath": "WideWorldImportersDW/parquet"
                }
              },
              "externalReferences": {
                "connection": "31f803e9-2c1f-4bfd-aec6-5f12a33b6d62"
              },
              "annotations": []
            }
          },
          "sink": {
            "type": "BinarySink",
            "storeSettings": {
              "type": "LakehouseWriteSettings"
            },
            "datasetSettings": {
              "type": "Binary",
              "typeProperties": {
                "location": {
                  "type": "LakehouseLocation",
                  "folderPath": "wwi-raw-data"
                }
              },
              "connectionSettings": {
                "name": "tth_lakehouse",
                "properties": {
                  "type": "Lakehouse",
                  "typeProperties": {
                    "artifactId": "61492aa0-5514-bc03-4b40-148531efa6fb",
                    "workspaceId": "00000000-0000-0000-0000-000000000000",
                    "rootFolder": "Files"
                  },
                  "externalReferences": {
                    "connection": "cace914f-4f2b-4acd-8c10-0211798dc29e"
                  },
                  "annotations": []
                }
              },
              "annotations": []
            }
          },
          "enableStaging": false
        },
        "policy": {
          "timeout": "0.12:00:00",
          "retry": 0,
          "retryIntervalInSeconds": 30,
          "secureInput": false,
          "secureOutput": false
        },
        "name": "Data Copy to Lakehouse",
        "dependsOn": []
      }
    ]
  }
}