{
  "sources": [
    {
      "id": "a46af725-e919-406c-82db-42ed86f01b98",
      "name": "TutorialSource",
      "type": "SampleData",
      "properties": {
        "type": "Bicycles"
      }
    }
  ],
  "destinations": [
    {
      "id": "5257c511-558c-4cc5-9de7-47a787fe2471",
      "name": "TutorialDestination",
      "type": "Eventhouse",
      "properties": {
        "dataIngestionMode": "ProcessedIngestion",
        "workspaceId": "00000000-0000-0000-0000-000000000000",
        "itemId": "558127f5-0c72-98c6-47bb-8bdc543d1b99",
        "databaseName": "part4_eventhouse_tutorial",
        "tableName": "RawData",
        "inputSerialization": {
          "type": "Json",
          "properties": {
            "encoding": "UTF8"
          }
        }
      },
      "inputNodes": [
        {
          "name": "TutorialTransform"
        }
      ],
      "inputSchemas": [
        {
          "name": "TutorialTransform",
          "schema": {
            "columns": [
              {
                "name": "BikepointID",
                "type": "Nvarchar(max)",
                "fields": null,
                "items": null
              },
              {
                "name": "Street",
                "type": "Nvarchar(max)",
                "fields": null,
                "items": null
              },
              {
                "name": "Neighbourhood",
                "type": "Nvarchar(max)",
                "fields": null,
                "items": null
              },
              {
                "name": "Latitude",
                "type": "Float",
                "fields": null,
                "items": null
              },
              {
                "name": "Longitude",
                "type": "Float",
                "fields": null,
                "items": null
              },
              {
                "name": "No_Bikes",
                "type": "BigInt",
                "fields": null,
                "items": null
              },
              {
                "name": "No_Empty_Docks",
                "type": "BigInt",
                "fields": null,
                "items": null
              },
              {
                "name": "Timestamp",
                "type": "DateTime",
                "fields": null,
                "items": null
              }
            ]
          }
        }
      ]
    }
  ],
  "streams": [
    {
      "id": "d2b44255-c043-4272-a77d-a1fc5da64cdf",
      "name": "TutorialEventstream-stream",
      "type": "DefaultStream",
      "properties": {},
      "inputNodes": [
        {
          "name": "TutorialSource"
        }
      ]
    }
  ],
  "operators": [
    {
      "name": "TutorialTransform",
      "type": "ManageFields",
      "inputNodes": [
        {
          "name": "TutorialEventstream-stream"
        }
      ],
      "properties": {
        "columns": [
          {
            "type": "Rename",
            "properties": {
              "column": {
                "expressionType": "ColumnReference",
                "node": null,
                "columnName": "BikepointID",
                "columnPathSegments": []
              }
            },
            "alias": "BikepointID"
          },
          {
            "type": "Rename",
            "properties": {
              "column": {
                "expressionType": "ColumnReference",
                "node": null,
                "columnName": "Street",
                "columnPathSegments": []
              }
            },
            "alias": "Street"
          },
          {
            "type": "Rename",
            "properties": {
              "column": {
                "expressionType": "ColumnReference",
                "node": null,
                "columnName": "Neighbourhood",
                "columnPathSegments": []
              }
            },
            "alias": "Neighbourhood"
          },
          {
            "type": "Rename",
            "properties": {
              "column": {
                "expressionType": "ColumnReference",
                "node": null,
                "columnName": "Latitude",
                "columnPathSegments": []
              }
            },
            "alias": "Latitude"
          },
          {
            "type": "Rename",
            "properties": {
              "column": {
                "expressionType": "ColumnReference",
                "node": null,
                "columnName": "Longitude",
                "columnPathSegments": []
              }
            },
            "alias": "Longitude"
          },
          {
            "type": "Rename",
            "properties": {
              "column": {
                "expressionType": "ColumnReference",
                "node": null,
                "columnName": "No_Bikes",
                "columnPathSegments": []
              }
            },
            "alias": "No_Bikes"
          },
          {
            "type": "Rename",
            "properties": {
              "column": {
                "expressionType": "ColumnReference",
                "node": null,
                "columnName": "No_Empty_Docks",
                "columnPathSegments": []
              }
            },
            "alias": "No_Empty_Docks"
          },
          {
            "type": "FunctionCall",
            "properties": {
              "functionName": "SystemTimestamp",
              "arguments": []
            },
            "alias": "Timestamp"
          }
        ]
      },
      "inputSchemas": [
        {
          "name": "TutorialEventstream-stream",
          "schema": {
            "columns": [
              {
                "name": "BikepointID",
                "type": "Nvarchar(max)",
                "fields": null,
                "items": null
              },
              {
                "name": "Street",
                "type": "Nvarchar(max)",
                "fields": null,
                "items": null
              },
              {
                "name": "Neighbourhood",
                "type": "Nvarchar(max)",
                "fields": null,
                "items": null
              },
              {
                "name": "Latitude",
                "type": "Float",
                "fields": null,
                "items": null
              },
              {
                "name": "Longitude",
                "type": "Float",
                "fields": null,
                "items": null
              },
              {
                "name": "No_Bikes",
                "type": "BigInt",
                "fields": null,
                "items": null
              },
              {
                "name": "No_Empty_Docks",
                "type": "BigInt",
                "fields": null,
                "items": null
              }
            ]
          }
        }
      ]
    }
  ],
  "compatibilityLevel": "1.0"
}